{
  "trained_at": "2026-06-05T06:37:04.527977+00:00",
  "corpus_size": 846,
  "n_topics": 8,
  "anchor_strength": 3,
  "max_features": 5000,
  "coherence_scores": {
    "education": 13.141086528037857,
    "evacuation": 36.953055463448834,
    "rescue": 22.64827453269108,
    "logistics": 7.967143892169451,
    "relief": 24.98538815180763,
    "telecom_power": 10.717033311382803,
    "health_medical": 8.05222702663838,
    "dead_missing": 3.9187545212978336
  },
  "overall_coherence": 16.047870428434234,
  "low_coherence_topics": [],
  "anchor_fingerprint": "ac39146cd7cc2261cfcfea27342c133abdc3f2da4a85ebd6ec3b8846ff8e0164"
}