{
  "trained_at": "2026-05-14T16:16:33.956309+00:00",
  "corpus_size": 530,
  "n_topics": 8,
  "anchor_strength": 3,
  "max_features": 5000,
  "coherence_scores": {
    "education": 3.6876718218620246,
    "evacuation": 2.8008416430583583,
    "rescue": 3.768058376061492,
    "logistics": 3.697984722474824,
    "relief": 2.8211494795263485,
    "telecom_power": 2.322599390945927,
    "health_medical": 2.9861845502903646,
    "dead_missing": 3.471656174487453
  },
  "overall_coherence": 3.194518269838349,
  "low_coherence_topics": [
    "telecom_power"
  ],
  "anchor_fingerprint": "ac39146cd7cc2261cfcfea27342c133abdc3f2da4a85ebd6ec3b8846ff8e0164"
}