{
  "cluster-a": {
    "precision": 0.8333333333333334,
    "recall": 0.8333333333333334,
    "f1-score": 0.8333333333333334,
    "support": 12.0
  },
  "cluster-b": {
    "precision": 0.9285714285714286,
    "recall": 0.7222222222222222,
    "f1-score": 0.8125,
    "support": 18.0
  },
  "cluster-c": {
    "precision": 0.9375,
    "recall": 0.9375,
    "f1-score": 0.9375,
    "support": 16.0
  },
  "cluster-d": {
    "precision": 1.0,
    "recall": 0.6666666666666666,
    "f1-score": 0.8,
    "support": 12.0
  },
  "cluster-e": {
    "precision": 1.0,
    "recall": 0.8333333333333334,
    "f1-score": 0.9090909090909091,
    "support": 12.0
  },
  "cluster-f": {
    "precision": 1.0,
    "recall": 0.8333333333333334,
    "f1-score": 0.9090909090909091,
    "support": 12.0
  },
  "cluster-g": {
    "precision": 1.0,
    "recall": 0.8333333333333334,
    "f1-score": 0.9090909090909091,
    "support": 12.0
  },
  "cluster-h": {
    "precision": 1.0,
    "recall": 1.0,
    "f1-score": 1.0,
    "support": 12.0
  },
  "micro avg": {
    "precision": 0.9565217391304348,
    "recall": 0.8301886792452831,
    "f1-score": 0.8888888888888888,
    "support": 106.0
  },
  "macro avg": {
    "precision": 0.9624255952380952,
    "recall": 0.8324652777777778,
    "f1-score": 0.8888257575757577,
    "support": 106.0
  },
  "weighted avg": {
    "precision": 0.9595687331536389,
    "recall": 0.8301886792452831,
    "f1-score": 0.8863421955403086,
    "support": 106.0
  },
  "samples avg": {
    "precision": 0.8254716981132075,
    "recall": 0.8301886792452831,
    "f1-score": 0.8270440251572326,
    "support": 106.0
  }
}