{
  "cluster-a": {
    "precision": 1.0,
    "recall": 1.0,
    "f1-score": 1.0,
    "support": 1.0
  },
  "cluster-b": {
    "precision": 1.0,
    "recall": 1.0,
    "f1-score": 1.0,
    "support": 2.0
  },
  "cluster-c": {
    "precision": 0.75,
    "recall": 1.0,
    "f1-score": 0.8571428571428571,
    "support": 3.0
  },
  "cluster-d": {
    "precision": 0.0,
    "recall": 0.0,
    "f1-score": 0.0,
    "support": 1.0
  },
  "cluster-e": {
    "precision": 0.0,
    "recall": 0.0,
    "f1-score": 0.0,
    "support": 1.0
  },
  "cluster-f": {
    "precision": 1.0,
    "recall": 1.0,
    "f1-score": 1.0,
    "support": 1.0
  },
  "cluster-g": {
    "precision": 0.0,
    "recall": 0.0,
    "f1-score": 0.0,
    "support": 3.0
  },
  "cluster-h": {
    "precision": 1.0,
    "recall": 1.0,
    "f1-score": 1.0,
    "support": 1.0
  },
  "micro avg": {
    "precision": 0.8888888888888888,
    "recall": 0.6153846153846154,
    "f1-score": 0.7272727272727273,
    "support": 13.0
  },
  "macro avg": {
    "precision": 0.59375,
    "recall": 0.625,
    "f1-score": 0.6071428571428572,
    "support": 13.0
  },
  "weighted avg": {
    "precision": 0.5576923076923077,
    "recall": 0.6153846153846154,
    "f1-score": 0.5824175824175823,
    "support": 13.0
  },
  "samples avg": {
    "precision": 0.5769230769230769,
    "recall": 0.6153846153846154,
    "f1-score": 0.5897435897435896,
    "support": 13.0
  }
}